FILE_TYPE = CONNECTIVITY;
{Concept-HDL 14.20-p005 18-Mar-2002}
"PAGE_NUMBER" = 1;
0"NC";
1"UN$1$CAPACITOR$I16$A";
2"UN$1$CAPACITOR$I15$A";
3"GND\g";
4"2V5\g";
5"VCC\g";
6"UN$1$CAPACITOR$I77$B";
7"UN$1$LED-SMD$I95$K1";
8"UN$1$CAPACITOR$I76$A";
9"UN$1$LED-SMD$I35$A1";
10"UN$1$LED-SMD$I35$K1";
11"GND\g";
12"GND\g";
13"UN$1$CAPACITOR$I25$A";
14"UN$1$HEADER2X1$I79$B";
15"UN$1$QPLL28-CERN$I2$INCMOS";
16"UN$1$CC1F-T1A$I5$A1";
17"UN$1$CAPACITOR$I31$B";
18"UN$1$100E111$I60$IN";
19"UN$1$100EL16$I3$Q";
20"UN$1$100EL16$I3$VBB";
21"VCC\g";
22"UN$1$100E111$I60$Q1$1";
23"GND\g";
24"UN$1$100E111$I60$IN$1";
25"UN$1$100E111$I60$VBB";
26"GND\g";
27"VCC\g";
28"GND\g";
29"UN$1$100EL16$I3$D";
30"UN$1$100EL16$I3$DBAR";
31"VCC\g";
32"UN$1$100EL16$I3$QBAR";
33"GND\g";
34"GND\g";
35"UN$1$8WAY-SPST$I4$B$2";
36"UN$1$8WAY-SPST$I4$B$6";
37"UN$1$8WAY-SPST$I4$B$5";
38"UN$1$8WAY-SPST$I4$B$3";
39"UN$1$8WAY-SPST$I4$B$1";
40"2V5\g";
41"GND\g";
42"UN$1$100E111$I60$Q1";
43"UN$1$RESISTOR$I58$B";
44"UN$1$RESISTOR$I57$B";
45"UN$1$CAPACITOR$I49$A";
46"UN$1$CAPACITOR$I50$B";
47"UN$1$QPLL28-CERN$I2$LVDS80MHZ";
48"UN$1$CAPACITOR$I24$B";
49"GND\g";
50"UN$1$8WAY-SPST$I4$B$4";
51"UN$1$8WAY-SPST$I4$B";
52"UN$1$QPLL28-CERN$I2$LVDS80MHZ$1";
53"UN$1$QPLL28-CERN$I2$LVDS160MHZ";
54"UN$1$QPLL28-CERN$I2$LVDS160MHZ$1";
55"UN$1$CC1F-T1A$I5$A2";
56"2V5\g";
57"2V5\g";
58"UN$1$LED-SMD$I94$K1";
%"RESISTOR"
"1","(-5400,550)","1","bris_cds_discrete","I10";
;
$LOCATION"R4"
CDS_LOCATION"R4"
$SEC"1"
CDS_SEC"1"
TOLERANCE"1%"
VALUE"1K0"
PACK_TYPE"0603"
SIZE"1B"
CDS_LIB"bris_cds_discrete"
MANUF"MULTICOMP";
"B<SIZE-1..0>\NAC"
$PN"2"29;
"A<SIZE-1..0>\NAC"
$PN"1"20;
%"RESISTOR"
"1","(-5200,550)","1","bris_cds_discrete","I11";
;
$LOCATION"R5"
CDS_LOCATION"R5"
$SEC"1"
CDS_SEC"1"
TOLERANCE"1%"
VALUE"1K0"
PACK_TYPE"0603"
SIZE"1B"
CDS_LIB"bris_cds_discrete"
MANUF"MULTICOMP";
"B<SIZE-1..0>\NAC"
$PN"2"30;
"A<SIZE-1..0>\NAC"
$PN"1"20;
%"CAPACITOR"
"1","(-5550,1100)","0","cds_discrete","I15";
;
$LOCATION"C2"
CDS_LOCATION"C2"
$SEC"1"
CDS_SEC"1"
VALUE"100N"
TOLERANCE"+/-10%"
PACK_TYPE"0603"
MANUF"AVX-KYOCERA"
CDS_LIB"cds_discrete"
SIZE"1B";
"B<SIZE-1..0>\NAC"
$PN"2"29;
"A<SIZE-1..0>\NAC"
$PN"1"2;
%"CAPACITOR"
"1","(-5550,750)","0","cds_discrete","I16";
;
$LOCATION"C3"
CDS_LOCATION"C3"
$SEC"1"
CDS_SEC"1"
VALUE"100N"
PACK_TYPE"0603"
TOLERANCE"+/-10%"
SIZE"1B"
CDS_LIB"cds_discrete"
MANUF"AVX-KYOCERA";
"B<SIZE-1..0>\NAC"
$PN"2"30;
"A<SIZE-1..0>\NAC"
$PN"1"1;
%"RESISTOR"
"1","(-4200,450)","1","bris_cds_discrete","I17";
;
$LOCATION"R6"
CDS_LOCATION"R6"
$SEC"1"
CDS_SEC"1"
PACK_TYPE"0603"
TOLERANCE"1%"
VALUE"270R"
SIZE"1B"
MANUF"MULTICOMP"
CDS_LIB"bris_cds_discrete";
"B<SIZE-1..0>\NAC"
$PN"2"32;
"A<SIZE-1..0>\NAC"
$PN"1"49;
%"RESISTOR"
"1","(-3950,450)","1","bris_cds_discrete","I18";
;
$LOCATION"R7"
CDS_LOCATION"R7"
$SEC"1"
CDS_SEC"1"
VALUE"270R"
PACK_TYPE"0603"
TOLERANCE"1%"
SIZE"1B"
CDS_LIB"bris_cds_discrete"
MANUF"MULTICOMP";
"B<SIZE-1..0>\NAC"
$PN"2"19;
"A<SIZE-1..0>\NAC"
$PN"1"49;
%"RESISTOR"
"1","(-3300,350)","1","bris_cds_discrete","I19";
;
$LOCATION"R9"
CDS_LOCATION"R9"
$SEC"1"
CDS_SEC"1"
TOLERANCE"1%"
PACK_TYPE"0603"
VALUE"68R"
MANUF"MULTICOMP"
CDS_LIB"bris_cds_discrete"
SIZE"1B";
"B<SIZE-1..0>\NAC"
$PN"2"13;
"A<SIZE-1..0>\NAC"
$PN"1"49;
%"QPLL28-CERN"
"1","(-1250,900)","0","cds_special","I2";
;
$LOCATION"U2"
CDS_LOCATION"U2"
$SEC"1"
CDS_SEC"1"
OL_COMMENTS"-"
PACK_TYPE"LPCC"
MANUF"CERN"
SIZE"1B"
PL_COMMENTS"-"
KL_COMMENTS"-"
CDS_LIB"cds_special";
"THERMALPAD"
$PN"29"57;
"FOSELECT3"
$PN"7"35;
"AUTORESTART"
$PN"5"50;
"ERROR"
$PN"8"0;
"VDD2"
$PN"18"56;
"EXTERNALCONTROL"
$PN"4"51;
"FOSELECT0"
$PN"28"37;
"FOSELECT1"
$PN"21"36;
"FOSELECT2"
$PN"14"38;
"RESET* \B"
$PN"6"14;
"VDD3"
$PN"22"56;
"VDD1"
$PN"11"56;
"INLVDS"
$PN"2"13;
"INCMOS"
$PN"3"15;
"GND1"
$PN"10"34;
"GND2"
$PN"17"34;
"GND3"
$PN"25"34;
"INLVDS* \B"
$PN"1"48;
"MODE"
$PN"27"39;
"CAP"
$PN"23"17;
"XTAL2"
$PN"26"16;
"XTAL1"
$PN"24"55;
"LVDS40MHZ* \B"
$PN"19"45;
"LVDS40MHZ"
$PN"20"46;
"LVDS160MHZ"
$PN"16"54;
"LVDS160MHZ* \B"
$PN"15"53;
"LVDS80MHZ"
$PN"13"52;
"LVDS80MHZ* \B"
$PN"12"47;
"LOCKED"
$PN"9"9;
%"RESISTOR"
"1","(-3050,350)","1","bris_cds_discrete","I20";
;
$LOCATION"R12"
CDS_LOCATION"R12"
$SEC"1"
CDS_SEC"1"
PACK_TYPE"0603"
VALUE"68R"
TOLERANCE"1%"
MANUF"MULTICOMP"
CDS_LIB"bris_cds_discrete"
SIZE"1B";
"B<SIZE-1..0>\NAC"
$PN"2"48;
"A<SIZE-1..0>\NAC"
$PN"1"49;
%"RESISTOR"
"1","(-3300,1200)","1","bris_cds_discrete","I21";
;
$LOCATION"R8"
CDS_LOCATION"R8"
$SEC"1"
CDS_SEC"1"
PACK_TYPE"0603"
VALUE"220R"
TOLERANCE"1%"
MANUF"MULTICOMP"
CDS_LIB"bris_cds_discrete"
SIZE"1B";
"B<SIZE-1..0>\NAC"
$PN"2"31;
"A<SIZE-1..0>\NAC"
$PN"1"13;
%"RESISTOR"
"1","(-3050,1200)","1","bris_cds_discrete","I22";
;
$LOCATION"R11"
CDS_LOCATION"R11"
$SEC"1"
CDS_SEC"1"
TOLERANCE"1%"
VALUE"220R"
PACK_TYPE"0603"
MANUF"MULTICOMP"
CDS_LIB"bris_cds_discrete"
SIZE"1B";
"B<SIZE-1..0>\NAC"
$PN"2"31;
"A<SIZE-1..0>\NAC"
$PN"1"48;
%"VCC"
"1","(-3150,1950)","0","cds_standard","I23";
;
CDS_LIB"cds_standard"
BODY_TYPE"PLUMBING"
SIZE"1B"
HDL_POWER"VCC";
"G<SIZE-1..0>\NAC"31;
%"CAPACITOR"
"1","(-3600,900)","0","cds_discrete","I24";
;
$LOCATION"C10"
CDS_LOCATION"C10"
$SEC"1"
CDS_SEC"1"
TOLERANCE"+/-10%"
PACK_TYPE"0603"
VALUE"100N"
CDS_LIB"cds_discrete"
MANUF"AVX-KYOCERA"
SIZE"1B";
"B<SIZE-1..0>\NAC"
$PN"2"48;
"A<SIZE-1..0>\NAC"
$PN"1"19;
%"CAPACITOR"
"1","(-3750,950)","2","cds_discrete","I25";
;
$LOCATION"C8"
CDS_LOCATION"C8"
$SEC"1"
CDS_SEC"1"
PACK_TYPE"0603"
VALUE"100N"
TOLERANCE"+/-10%"
CDS_LIB"cds_discrete"
MANUF"AVX-KYOCERA"
SIZE"1B";
"B<SIZE-1..0>\NAC"
$PN"2"32;
"A<SIZE-1..0>\NAC"
$PN"1"13;
%"2V5"
"1","(-2100,1950)","0","cds_standard","I26";
;
CDS_LIB"cds_standard"
HDL_POWER"2V5"
SIZE"1B"
BODY_TYPE"PLUMBING";
"G<SIZE-1..0>\NAC"56;
%"RESISTOR"
"1","(-2800,350)","1","cds_discrete","I28";
;
$LOCATION"R13"
CDS_LOCATION"R13"
$SEC"1"
CDS_SEC"1"
VALUE"100R"
TOLERANCE"1%"
PACK_TYPE"0603"
SIZE"1B"
MANUF"ROHM"
CDS_LIB"cds_discrete";
"B<SIZE-1..0>\NAC"
$PN"2"15;
"A<SIZE-1..0>\NAC"
$PN"1"49;
%"GND"
"1","(-2500,-1650)","0","cds_standard","I29";
;
CDS_LIB"cds_standard"
BODY_TYPE"PLUMBING"
SIZE"1B"
HDL_POWER"GND";
"G<SIZE-1..0>\NAC"34;
%"100EL16"
"1","(-4650,900)","0","bris_cds_logic","I3";
;
$LOCATION"U1"
CDS_LOCATION"U1"
$SEC"1"
CDS_SEC"1"
PACK_TYPE"SOIC"
MANUF"SYNERGY"
KL_COMMENTS"-"
OL_COMMENTS"-"
PL_COMMENTS"-"
SIZE"1b"
CDS_LIB"bris_cds_logic";
"VEE"
$PN"5"49;
"D"
$PN"2"29;
"D_BAR* \B"
$PN"3"30;
"Q_BAR* \B"
$PN"6"32;
"VBB"
$PN"4"20;
"Q"
$PN"7"19;
"VCC"
$PN"8"21;
%"CAPACITOR"
"1","(-2000,-350)","1","cds_discrete","I31";
;
$LOCATION"C13"
CDS_LOCATION"C13"
$SEC"1"
CDS_SEC"1"
TOLERANCE"+/-10%"
PACK_TYPE"0603"
VALUE"100N"
CDS_LIB"cds_discrete"
SIZE"1B"
MANUF"AVX-KYOCERA";
"B<SIZE-1..0>\NAC"
$PN"2"17;
"A<SIZE-1..0>\NAC"
$PN"1"34;
%"2V5"
"1","(-3500,-450)","0","cds_standard","I33";
;
BODY_TYPE"PLUMBING"
SIZE"1B"
HDL_POWER"2V5"
CDS_LIB"cds_standard";
"G<SIZE-1..0>\NAC"40;
%"LED-SMD"
"1","(250,-100)","3","cds_discrete","I35";
;
$LOCATION"DS3"
CDS_LOCATION"DS3"
$SEC"1"
CDS_SEC"1"
VALUE"RED"
PACK_TYPE"0805"
MANUF"ROHM"
KL_COMMENTS"-"
OL_COMMENTS"-"
PL_COMMENTS"-"
SIZE"1B"
CDS_LIB"cds_discrete";
"A1"
$PN"1"9;
"K1"
$PN"2"10;
%"GND"
"1","(250,-550)","0","cds_standard","I36";
;
HDL_POWER"GND"
CDS_LIB"cds_standard"
SIZE"1B"
BODY_TYPE"PLUMBING";
"G<SIZE-1..0>\NAC"11;
%"RESISTOR"
"1","(250,-300)","1","cds_discrete","I37";
;
$LOCATION"R15"
CDS_LOCATION"R15"
$SEC"1"
CDS_SEC"1"
PACK_TYPE"0603"
TOLERANCE"1%"
VALUE"100R"
SIZE"1B"
MANUF"ROHM"
CDS_LIB"cds_discrete";
"B<SIZE-1..0>\NAC"
$PN"2"10;
"A<SIZE-1..0>\NAC"
$PN"1"11;
%"8WAY-SPST"
"1","(-2350,-950)","1","cds_switches","I4";
;
$LOCATION"SW1"
CDS_LOCATION"SW1"
$SEC"1"
CDS_SEC"1"
PACK_TYPE"SMD-HP"
SIZE"1B"
PL_COMMENTS"-"
OL_COMMENTS"-"
KL_COMMENTS"-"
CDS_LIB"cds_switches"
MANUF"DIPTRONICS";
"B <4>"
$PN"12"36;
"B <5>"
$PN"11"37;
"B <0>"
$PN"16"0;
"B <1>"
$PN"15"50;
"B <3>"
$PN"13"38;
"B <2>"
$PN"14"35;
"A <4>"
$PN"5"34;
"A <5>"
$PN"6"34;
"A <0>"
$PN"1"0;
"A <1>"
$PN"2"34;
"A <3>"
$PN"4"34;
"A <2>"
$PN"3"34;
"A <6>"
$PN"7"34;
"A <7>"
$PN"8"34;
"B <7>"
$PN"9"39;
"B <6>"
$PN"10"51;
%"CAPACITOR"
"1","(-900,1600)","1","cds_discrete","I40";
;
$LOCATION"C15"
CDS_LOCATION"C15"
$SEC"1"
CDS_SEC"1"
TOLERANCE"+/-10%"
VALUE"10N"
PACK_TYPE"0603"
SIZE"1B"
MANUF"AVX-KYOCERA"
CDS_LIB"cds_discrete";
"B<SIZE-1..0>\NAC"
$PN"2"56;
"A<SIZE-1..0>\NAC"
$PN"1"12;
%"CAPACITOR"
"1","(-1250,1600)","1","cds_discrete","I43";
;
$LOCATION"C14"
CDS_LOCATION"C14"
$SEC"1"
CDS_SEC"1"
VALUE"10N"
PACK_TYPE"0603"
TOLERANCE"+/-10%"
MANUF"AVX-KYOCERA"
SIZE"1B"
CDS_LIB"cds_discrete";
"B<SIZE-1..0>\NAC"
$PN"2"56;
"A<SIZE-1..0>\NAC"
$PN"1"12;
%"GND"
"1","(-650,1350)","0","cds_standard","I44";
;
BODY_TYPE"PLUMBING"
SIZE"1B"
HDL_POWER"GND"
CDS_LIB"cds_standard";
"G<SIZE-1..0>\NAC"12;
%"GND"
"1","(1750,0)","0","cds_standard","I45";
;
BODY_TYPE"PLUMBING"
SIZE"1B"
HDL_POWER"GND"
CDS_LIB"cds_standard";
"G<SIZE-1..0>\NAC"23;
%"VCC"
"1","(1750,1700)","0","cds_standard","I46";
;
CDS_LIB"cds_standard"
BODY_TYPE"PLUMBING"
SIZE"1B"
HDL_POWER"VCC";
"G<SIZE-1..0>\NAC"27;
%"CAPACITOR"
"1","(2300,1450)","1","cds_discrete","I47";
;
$LOCATION"C20"
CDS_LOCATION"C20"
$SEC"1"
CDS_SEC"1"
VALUE"100N"
PACK_TYPE"0603"
TOLERANCE"+/-10%"
MANUF"AVX-KYOCERA"
SIZE"1B"
CDS_LIB"cds_discrete";
"B<SIZE-1..0>\NAC"
$PN"2"27;
"A<SIZE-1..0>\NAC"
$PN"1"26;
%"GND"
"1","(2300,1250)","0","cds_standard","I48";
;
HDL_POWER"GND"
SIZE"1B"
BODY_TYPE"PLUMBING"
CDS_LIB"cds_standard";
"G<SIZE-1..0>\NAC"26;
%"CAPACITOR"
"1","(850,600)","0","cds_discrete","I49";
;
$LOCATION"C18"
CDS_LOCATION"C18"
$SEC"1"
CDS_SEC"1"
TOLERANCE"+/-10%"
PACK_TYPE"0603"
VALUE"100N"
CDS_LIB"cds_discrete"
MANUF"AVX-KYOCERA"
SIZE"1B";
"B<SIZE-1..0>\NAC"
$PN"2"18;
"A<SIZE-1..0>\NAC"
$PN"1"45;
%"CC1F-T1A"
"1","(-500,-300)","0","cds_special","I5";
;
$LOCATION"U3"
CDS_LOCATION"U3"
$SEC"1"
CDS_SEC"1"
VALUE"40.08MHZ"
SIZE"1B"
PL_COMMENTS"-"
OL_COMMENTS"-"
KL_COMMENTS"-"
CDS_LIB"cds_special"
MANUF"MICRO CRYSTAL SWITZERLAND"
PACK_TYPE"SMD";
"A1"
$PN"1"16;
"A2"
$PN"2"55;
%"CAPACITOR"
"1","(700,650)","2","cds_discrete","I50";
;
$LOCATION"C16"
CDS_LOCATION"C16"
$SEC"1"
CDS_SEC"1"
PACK_TYPE"0603"
VALUE"100N"
TOLERANCE"+/-10%"
CDS_LIB"cds_discrete"
MANUF"AVX-KYOCERA"
SIZE"1B";
"B<SIZE-1..0>\NAC"
$PN"2"46;
"A<SIZE-1..0>\NAC"
$PN"1"24;
%"RESISTOR"
"1","(1400,1150)","1","bris_cds_discrete","I51";
;
$LOCATION"R18"
CDS_LOCATION"R18"
$SEC"1"
CDS_SEC"1"
TOLERANCE"1%"
PACK_TYPE"0603"
VALUE"1K0"
MANUF"MULTICOMP"
CDS_LIB"bris_cds_discrete"
SIZE"1B";
"B<SIZE-1..0>\NAC"
$PN"2"25;
"A<SIZE-1..0>\NAC"
$PN"1"18;
%"RESISTOR"
"1","(1150,1150)","1","bris_cds_discrete","I52";
;
$LOCATION"R17"
CDS_LOCATION"R17"
$SEC"1"
CDS_SEC"1"
TOLERANCE"1%"
VALUE"1K0"
PACK_TYPE"0603"
SIZE"1B"
CDS_LIB"bris_cds_discrete"
MANUF"MULTICOMP";
"B<SIZE-1..0>\NAC"
$PN"2"25;
"A<SIZE-1..0>\NAC"
$PN"1"24;
%"CAPACITOR"
"1","(-5400,50)","1","cds_discrete","I53";
;
$LOCATION"C4"
CDS_LOCATION"C4"
$SEC"1"
CDS_SEC"1"
PACK_TYPE"0603"
VALUE"10N"
TOLERANCE"+/-10%"
MANUF"AVX-KYOCERA"
SIZE"1B"
CDS_LIB"cds_discrete";
"B<SIZE-1..0>\NAC"
$PN"2"20;
"A<SIZE-1..0>\NAC"
$PN"1"49;
%"CAPACITOR"
"1","(850,1150)","1","cds_discrete","I54";
;
$LOCATION"C17"
CDS_LOCATION"C17"
$SEC"1"
CDS_SEC"1"
VALUE"10N"
TOLERANCE"+/-10%"
PACK_TYPE"0603"
CDS_LIB"cds_discrete"
MANUF"AVX-KYOCERA"
SIZE"1B";
"B<SIZE-1..0>\NAC"
$PN"2"25;
"A<SIZE-1..0>\NAC"
$PN"1"28;
%"GND"
"1","(850,950)","0","cds_standard","I55";
;
CDS_LIB"cds_standard"
BODY_TYPE"PLUMBING"
SIZE"1B"
HDL_POWER"GND";
"G<SIZE-1..0>\NAC"28;
%"RESISTOR"
"1","(3800,600)","1","bris_cds_discrete","I57";
;
$LOCATION"R22"
CDS_LOCATION"R22"
$SEC"1"
CDS_SEC"1"
PACK_TYPE"0603"
TOLERANCE"1%"
VALUE"270R"
SIZE"1B"
MANUF"MULTICOMP"
CDS_LIB"bris_cds_discrete";
"B<SIZE-1..0>\NAC"
$PN"2"44;
"A<SIZE-1..0>\NAC"
$PN"1"33;
%"RESISTOR"
"1","(3550,600)","1","bris_cds_discrete","I58";
;
$LOCATION"R21"
CDS_LOCATION"R21"
$SEC"1"
CDS_SEC"1"
PACK_TYPE"0603"
VALUE"270R"
TOLERANCE"1%"
MANUF"MULTICOMP"
SIZE"1B"
CDS_LIB"bris_cds_discrete";
"B<SIZE-1..0>\NAC"
$PN"2"43;
"A<SIZE-1..0>\NAC"
$PN"1"33;
%"GND"
"1","(3650,150)","0","cds_standard","I59";
;
BODY_TYPE"PLUMBING"
SIZE"1B"
HDL_POWER"GND"
CDS_LIB"cds_standard";
"G<SIZE-1..0>\NAC"33;
%"CAPACITOR"
"1","(-4900,50)","1","cds_discrete","I6";
;
$LOCATION"C6"
CDS_LOCATION"C6"
$SEC"1"
CDS_SEC"1"
PACK_TYPE"0603"
VALUE"100N"
TOLERANCE"+/-10%"
MANUF"AVX-KYOCERA"
CDS_LIB"cds_discrete"
SIZE"1B";
"B<SIZE-1..0>\NAC"
$PN"2"21;
"A<SIZE-1..0>\NAC"
$PN"1"49;
%"100E111"
"1","(2100,650)","0","cds_logic","I60";
;
$LOCATION"U4"
CDS_LOCATION"U4"
$SEC"1"
CDS_SEC"1"
KL_COMMENTS"-"
OL_COMMENTS"-"
PL_COMMENTS"-"
SIZE"1B"
CDS_LIB"cds_logic"
MANUF"SYNERGY"
PACK_TYPE"PLCC";
"VEE"
$PN"26"23;
"IN* \B"
$PN"2"18;
"VCCO3"
$PN"22"27;
"IN"
$PN"28"24;
"VBB"
$PN"3"25;
"VCC"
$PN"1"27;
"VCCO1"
$PN"8"27;
"VCCO2"
$PN"15"27;
"Q8* \B"
$PN"5"0;
"Q8"
$PN"6"0;
"Q7* \B"
$PN"7"0;
"Q7"
$PN"9"0;
"Q6* \B"
$PN"10"0;
"Q6"
$PN"11"0;
"Q5* \B"
$PN"12"0;
"Q5"
$PN"13"0;
"Q4* \B"
$PN"14"0;
"Q4"
$PN"16"0;
"Q3* \B"
$PN"17"0;
"Q2"
$PN"20"0;
"Q2* \B"
$PN"19"0;
"Q3"
$PN"18"0;
"Q1* \B"
$PN"21"22;
"Q1"
$PN"23"42;
"Q0* \B"
$PN"24"44;
"Q0"
$PN"25"43;
%"CAPACITOR"
"1","(2000,1450)","1","cds_discrete","I61";
;
$LOCATION"C19"
CDS_LOCATION"C19"
$SEC"1"
CDS_SEC"1"
TOLERANCE"+/-10%"
VALUE"10N"
PACK_TYPE"0603"
CDS_LIB"cds_discrete"
SIZE"1B"
MANUF"AVX-KYOCERA";
"B<SIZE-1..0>\NAC"
$PN"2"27;
"A<SIZE-1..0>\NAC"
$PN"1"26;
%"RESISTOR"
"1","(400,850)","0","cds_discrete","I62";
;
$LOCATION"R16"
CDS_LOCATION"R16"
$SEC"1"
CDS_SEC"1"
VALUE"100R"
TOLERANCE"1%"
PACK_TYPE"0603"
MANUF"ROHM"
SIZE"1B"
CDS_LIB"cds_discrete";
"B<SIZE-1..0>\NAC"
$PN"2"45;
"A<SIZE-1..0>\NAC"
$PN"1"46;
%"RESISTOR"
"1","(3350,-700)","1","bris_cds_discrete","I63";
;
$LOCATION"R20"
CDS_LOCATION"R20"
$SEC"1"
CDS_SEC"1"
TOLERANCE"1%"
VALUE"270R"
PACK_TYPE"0603"
CDS_LIB"bris_cds_discrete"
SIZE"1B"
MANUF"MULTICOMP";
"B<SIZE-1..0>\NAC"
$PN"2"42;
"A<SIZE-1..0>\NAC"
$PN"1"41;
%"GND"
"1","(3200,-1150)","0","cds_standard","I64";
;
CDS_LIB"cds_standard"
BODY_TYPE"PLUMBING"
SIZE"1B"
HDL_POWER"GND";
"G<SIZE-1..0>\NAC"41;
%"RESISTOR"
"1","(3100,-700)","1","bris_cds_discrete","I65";
;
$LOCATION"R19"
CDS_LOCATION"R19"
$SEC"1"
CDS_SEC"1"
PACK_TYPE"0603"
VALUE"270R"
TOLERANCE"1%"
CDS_LIB"bris_cds_discrete"
MANUF"MULTICOMP"
SIZE"1B";
"B<SIZE-1..0>\NAC"
$PN"2"22;
"A<SIZE-1..0>\NAC"
$PN"1"41;
%"LD1086"
"1","(-4650,3400)","0","bris_cds_analogue","I69";
;
$LOCATION"VR1"
CDS_LOCATION"VR1"
$SEC"1"
CDS_SEC"1"
VALUE"D2T25"
PACK_TYPE"DDPAK"
MANUF"STM"
CDS_LIB"bris_cds_analogue"
NEEDS_NO_SIZE"TRUE"
PHYS_DES_PREFIX"VR"
SIZE"1B"
OL_COMMENTS"-"
KL_COMMENTS"-"
PL_COMMENTS"-"
PART_NAME"LD1086";
"GND"
$PN"1"3;
"VOUT"
$PN"2"8;
"VIN"
$PN"3"5;
%"GND"
"1","(-4900,-500)","0","cds_standard","I7";
;
CDS_LIB"cds_standard"
HDL_POWER"GND"
SIZE"1B"
BODY_TYPE"PLUMBING";
"G<SIZE-1..0>\NAC"49;
%"VCC"
"1","(-5050,4000)","0","cds_standard","I70";
;
CDS_LIB"cds_standard"
HDL_POWER"VCC"
SIZE"1B"
BODY_TYPE"PLUMBING";
"G<SIZE-1..0>\NAC"5;
%"2V5"
"1","(-2000,3750)","0","cds_standard","I71";
;
CDS_LIB"cds_standard"
HDL_POWER"2V5"
SIZE"1B"
BODY_TYPE"PLUMBING";
"G<SIZE-1..0>\NAC"4;
%"GND"
"1","(-4650,2700)","0","cds_standard","I72";
;
HDL_POWER"GND"
SIZE"1B"
BODY_TYPE"PLUMBING"
CDS_LIB"cds_standard";
"G<SIZE-1..0>\NAC"3;
%"CAPACITOR"
"1","(-5050,3150)","3","cds_discrete","I75";
;
$LOCATION"C5"
CDS_LOCATION"C5"
$SEC"1"
CDS_SEC"1"
VALUE"1U0"
TOLERANCE"+/-10%"
PACK_TYPE"0603"
MANUF"MURATA"
CDS_LIB"cds_discrete"
SIZE"1B";
"B<SIZE-1..0>\NAC"
$PN"2"3;
"A<SIZE-1..0>\NAC"
$PN"1"5;
%"CAPACITOR"
"1","(-3700,3150)","3","cds_discrete","I76";
;
$LOCATION"C9"
CDS_LOCATION"C9"
$SEC"1"
CDS_SEC"1"
PACK_TYPE"0603"
VALUE"1U0"
TOLERANCE"+/-10%"
MANUF"MURATA"
CDS_LIB"cds_discrete"
SIZE"1B";
"B<SIZE-1..0>\NAC"
$PN"2"3;
"A<SIZE-1..0>\NAC"
$PN"1"8;
%"CAPACITOR"
"2","(-6250,3150)","1","cds_discrete","I77";
;
$LOCATION"C1"
CDS_LOCATION"C1"
$SEC"1"
CDS_SEC"1"
PACK_TYPE"CASE-C"
TOLERANCE"+/-10%"
VALUE"22U"
MANUF"AVX-KYOCERA"
CDS_LIB"cds_discrete"
SIZE"1B";
"B<SIZE-1..0>\NAC"
$PN"2"6;
"A<SIZE-1..0>\NAC"
$PN"1"3;
%"CAPACITOR"
"2","(-4050,3150)","1","cds_discrete","I78";
;
$LOCATION"C7"
CDS_LOCATION"C7"
$SEC"1"
CDS_SEC"1"
PACK_TYPE"CASE-C"
VALUE"22U"
TOLERANCE"+/-10%"
MANUF"AVX-KYOCERA"
CDS_LIB"cds_discrete"
SIZE"1B";
"B<SIZE-1..0>\NAC"
$PN"2"8;
"A<SIZE-1..0>\NAC"
$PN"1"3;
%"HEADER2X1"
"1","(-2200,-350)","1","cds_connectors","I79";
;
$LOCATION"PL1"
CDS_LOCATION"PL1"
$SEC"1"
CDS_SEC"1"
PL_COMMENTS"-"
KL_COMMENTS"-"
OL_COMMENTS"-"
SIZE"1B"
CDS_LIB"cds_connectors"
MANUF"HARWIN"
PACK_TYPE"STR";
"B <SIZE-1..0>\NAC"
$PN"2"14;
"A <SIZE-1..0>\NAC"
$PN"1"34;
%"VCC"
"1","(-4900,400)","0","cds_standard","I8";
;
CDS_LIB"cds_standard"
HDL_POWER"VCC"
SIZE"1B"
BODY_TYPE"PLUMBING";
"G<SIZE-1..0>\NAC"21;
%"RESISTOR-NET-7C"
"2","(-2950,-500)","0","cds_discrete","I80";
;
$LOCATION"RN1"
CDS_LOCATION"RN1"
VALUE"1K"
PL_COMMENTS"-"
OL_COMMENTS"-"
KL_COMMENTS"-"
HAS_FIXED_SIZE"7B"
CDS_LIB"cds_discrete"
MANUF"BOURNS"
TOLERANCE"2%"
PACK_TYPE"SIL";
"A"
$PN"1"40;
"B <0>"
$PN"8"
CDS_SEC"7"50;
"B <1>"
$PN"7"
CDS_SEC"6"35;
"B <3>"
$PN"5"
CDS_SEC"4"36;
"B <4>"
$PN"4"
CDS_SEC"3"37;
"B <2>"
$PN"6"
CDS_SEC"5"38;
"B <5>"
$PN"3"
CDS_SEC"2"51;
"B <6>"
$PN"2"
CDS_SEC"1"39;
%"SK-LEMO-00"
"1","(4200,-200)","0","cds_connectors","I81";
;
$LOCATION"SK6"
CDS_LOCATION"SK6"
$SEC"1"
CDS_SEC"1"
VALUE"EPL"
PL_COMMENTS"-"
OL_COMMENTS"-"
NEEDS_NO_SIZE"TRUE"
KL_COMMENTS"-"
CDS_LIB"cds_connectors"
MANUF"LEMO"
PACK_TYPE"RT-ANG";
"B<3..0>"41;
"A"
$PN"1"42;
%"SK-LEMO0B-2F-PCB"
"1","(4150,1000)","0","cds_connectors","I82";
;
$LOCATION"SK5"
CDS_LOCATION"SK5"
$SEC"1"
CDS_SEC"1"
SIZE"1B"
PL_COMMENTS"-"
OL_COMMENTS"-"
KL_COMMENTS"-"
CDS_LIB"cds_connectors"
MANUF"LEMO"
PACK_TYPE"RT-ANG";
"A <SIZE-1..0>"
$PN"1"43;
"B <SIZE-1..0>"
$PN"2"44;
%"SK-LEMO0B-2F-PCB"
"1","(50,2200)","0","cds_connectors","I83";
;
$LOCATION"SK3"
CDS_LOCATION"SK3"
$SEC"1"
CDS_SEC"1"
KL_COMMENTS"-"
OL_COMMENTS"-"
PL_COMMENTS"-"
SIZE"1B"
MANUF"LEMO"
PACK_TYPE"RT-ANG"
CDS_LIB"cds_connectors";
"A <SIZE-1..0>"
$PN"1"54;
"B <SIZE-1..0>"
$PN"2"53;
%"SK-LEMO0B-2F-PCB"
"1","(50,1850)","0","cds_connectors","I84";
;
$LOCATION"SK4"
CDS_LOCATION"SK4"
$SEC"1"
CDS_SEC"1"
KL_COMMENTS"-"
OL_COMMENTS"-"
PL_COMMENTS"-"
SIZE"1B"
CDS_LIB"cds_connectors"
MANUF"LEMO"
PACK_TYPE"RT-ANG";
"A <SIZE-1..0>"
$PN"1"52;
"B <SIZE-1..0>"
$PN"2"47;
%"SK-LEMO0B-2F-PCB"
"1","(-6250,950)","2","cds_connectors","I85";
;
$LOCATION"SK2"
CDS_LOCATION"SK2"
$SEC"1"
CDS_SEC"1"
CDS_LIB"cds_connectors"
PACK_TYPE"RT-ANG"
MANUF"LEMO"
SIZE"1B"
PL_COMMENTS"-"
OL_COMMENTS"-"
KL_COMMENTS"-";
"A <SIZE-1..0>"
$PN"1"2;
"B <SIZE-1..0>"
$PN"2"1;
%"INDUCTOR"
"1","(-3200,3400)","0","cds_discrete","I86";
;
$LOCATION"L2"
CDS_LOCATION"L2"
$SEC"1"
CDS_SEC"1"
VALUE"1.0U"
PACK_TYPE"SMD"
MANUF"MEGGIT"
CDS_LIB"cds_discrete"
SIZE"1B"
PL_COMMENTS"-"
OL_COMMENTS"-"
KL_COMMENTS"-";
"B<SIZE-1..0>\NAC"
$PN"2"4;
"A<SIZE-1..0>\NAC"
$PN"1"8;
%"RESISTOR"
"1","(-3200,3200)","0","cds_discrete","I87";
;
$LOCATION"R10"
CDS_LOCATION"R10"
$SEC"1"
CDS_SEC"1"
PACK_TYPE"0805"
TOLERANCE"1%"
VALUE"2R2"
MANUF"MULTICOMP"
CDS_LIB"cds_discrete"
SIZE"1B";
"B<SIZE-1..0>\NAC"
$PN"2"4;
"A<SIZE-1..0>\NAC"
$PN"1"8;
%"CAPACITOR"
"1","(-2750,3100)","1","cds_discrete","I88";
;
$LOCATION"C11"
CDS_LOCATION"C11"
$SEC"1"
CDS_SEC"1"
PACK_TYPE"0603"
VALUE"47N"
TOLERANCE"+/-10%"
MANUF"AVX-KYOCERA"
CDS_LIB"cds_discrete"
SIZE"1B";
"B<SIZE-1..0>\NAC"
$PN"2"4;
"A<SIZE-1..0>\NAC"
$PN"1"3;
%"CAPACITOR"
"1","(-2350,3100)","1","cds_discrete","I89";
;
$LOCATION"C12"
CDS_LOCATION"C12"
$SEC"1"
CDS_SEC"1"
TOLERANCE"+/-10%"
VALUE"47N"
PACK_TYPE"0603"
MANUF"AVX-KYOCERA"
CDS_LIB"cds_discrete"
SIZE"1B";
"B<SIZE-1..0>\NAC"
$PN"2"4;
"A<SIZE-1..0>\NAC"
$PN"1"3;
%"RESISTOR"
"1","(-5800,900)","1","bris_cds_discrete","I9";
;
$LOCATION"R2"
CDS_LOCATION"R2"
$SEC"1"
CDS_SEC"1"
VALUE"100R"
PACK_TYPE"0603"
TOLERANCE"5%"
SIZE"1B"
CDS_LIB"bris_cds_discrete"
MANUF"ROHM";
"B<SIZE-1..0>\NAC"
$PN"2"2;
"A<SIZE-1..0>\NAC"
$PN"1"1;
%"INDUCTOR"
"1","(-5850,3400)","0","cds_discrete","I90";
;
$LOCATION"L1"
CDS_LOCATION"L1"
$SEC"1"
CDS_SEC"1"
VALUE"4.7U"
PACK_TYPE"SMD"
MANUF"MEC"
CDS_LIB"cds_discrete"
KL_COMMENTS"-"
OL_COMMENTS"-"
PL_COMMENTS"-"
SIZE"1B";
"B<SIZE-1..0>\NAC"
$PN"2"5;
"A<SIZE-1..0>\NAC"
$PN"1"6;
%"RESISTOR"
"1","(-5850,3700)","0","cds_discrete","I91";
;
$LOCATION"R1"
CDS_LOCATION"R1"
$SEC"1"
CDS_SEC"1"
TOLERANCE"1%"
VALUE"10R"
PACK_TYPE"0805"
SIZE"1B"
CDS_LIB"cds_discrete"
MANUF"MULTICOMP";
"B<SIZE-1..0>\NAC"
$PN"2"5;
"A<SIZE-1..0>\NAC"
$PN"1"6;
%"TERM-BLK-3"
"1","(-6550,3400)","2","cds_connectors","I93";
;
$LOCATION"SK1"
CDS_LOCATION"SK1"
$SEC"1"
CDS_SEC"1"
KL_COMMENTS"-"
OL_COMMENTS"-"
PL_COMMENTS"-"
SIZE"1B"
CDS_LIB"cds_connectors"
MANUF"LUMBERG"
PACK_TYPE"STR";
"A3 <SIZE-1..0>"
$PN"3"3;
"A2 <SIZE-1..0>"
$PN"2"3;
"A1 <SIZE-1..0>"
$PN"1"6;
%"LED-SMD"
"1","(-5400,3250)","3","cds_discrete","I94";
;
$LOCATION"DS1"
CDS_LOCATION"DS1"
$SEC"1"
CDS_SEC"1"
VALUE"RED"
PACK_TYPE"0805"
MANUF"ROHM"
KL_COMMENTS"-"
OL_COMMENTS"-"
PL_COMMENTS"-"
SIZE"1B"
CDS_LIB"cds_discrete";
"A1"
$PN"1"5;
"K1"
$PN"2"58;
%"LED-SMD"
"1","(-2000,3200)","3","cds_discrete","I95";
;
$LOCATION"DS2"
CDS_LOCATION"DS2"
$SEC"1"
CDS_SEC"1"
VALUE"RED"
PACK_TYPE"0805"
MANUF"ROHM"
KL_COMMENTS"-"
OL_COMMENTS"-"
PL_COMMENTS"-"
SIZE"1B"
CDS_LIB"cds_discrete";
"A1"
$PN"1"4;
"K1"
$PN"2"7;
%"RESISTOR"
"1","(-2000,3000)","1","cds_discrete","I96";
;
$LOCATION"R14"
CDS_LOCATION"R14"
$SEC"1"
CDS_SEC"1"
PACK_TYPE"0603"
TOLERANCE"1%"
VALUE"100R"
SIZE"1B"
MANUF"ROHM"
CDS_LIB"cds_discrete";
"B<SIZE-1..0>\NAC"
$PN"2"7;
"A<SIZE-1..0>\NAC"
$PN"1"3;
%"RESISTOR"
"1","(-5400,3100)","1","cds_discrete","I97";
;
$LOCATION"R3"
CDS_LOCATION"R3"
$SEC"1"
CDS_SEC"1"
VALUE"430R"
PACK_TYPE"0603"
TOLERANCE"1%"
MANUF"MULTICOMP"
CDS_LIB"cds_discrete"
SIZE"1B";
"B<SIZE-1..0>\NAC"
$PN"2"58;
"A<SIZE-1..0>\NAC"
$PN"1"3;
%"2V5"
"1","(-50,200)","0","cds_standard","I98";
;
HDL_POWER"2V5"
SIZE"1B"
BODY_TYPE"PLUMBING"
CDS_LIB"cds_standard";
"G<SIZE-1..0>\NAC"57;
END.
